上の句,上の句読み
秋の田の　かりほの庵の　苫をあらみ,あきのたの、かりおのいおの、とまおあらみ
春過ぎて　夏来にけらし　白妙の,はるすぎて、なつきにけらし、しろたえの
あしびきの　山鳥の尾の　しだり尾の,あしびきの、やまどりのおの、しだりおの
田子の浦に　うち出でて見れば　白妙の,たごのうらに、うちいでてみれば、しろたえの
奥山に　紅葉踏み分け　鳴く鹿の,おくやまに、もみじふみわけ、なくしかの
かささぎの　渡せる橋に　置く霜の,かささぎの、わたせる橋に、おくしもの
天の原　ふりさけ見れば　春日なる,あまのはら、ふりさけみれば、かすがなる
我がいほは　都のたつみ　しかぞ住む,わがいおわ、みやこのたつみ、しかぞすむ
花の色は　移りにけりな　いたづらに,はなのいろわ、うつりにけりな、いたずらに
これやこの　行くも帰るも　別れては,これやこの、ゆくもかえるも、わかれてわ
わたの原　八十島かけて　漕ぎ出でぬと,わたのはら、やそしまかけて、こぎいでぬと
天つ風　雲のかよひぢ　吹きとぢよ,あまつかぜ、くものかよいじ、ふきとじよ
筑波嶺の　峰より落つる　みなの川,つくばねの、みねよりおつる、みなのがわ
みちのくの　しのぶもぢずり　たれゆゑに,みちのくの、しのぶもじずり、たれゆえに
君がため　春の野に出でて　若菜つむ,きみがため、はるののにいでて、わかなつむ
たち別れ　いなばの山の　峰に生ふる,たちわかれ、いなばのやまの、みねにおうる
ちはやぶる　神代も聞かず　龍田川,ちはやぶる、かみよもきかず、たつたがわ
住の江の　岸による波　よるさへや,すみのえの、きしによるなみ、よるさえや
難波潟　みじかき葦の　ふしの間も,なにわがた、みじかきあしの、ふしのまも
わびぬれば　今はた同じ　難波なる,わびぬれば、いまハたおなじ、なにわなる
今来むと　いひしばかりに　長月の,いまこんと、いいしばかりに、ながつきの
吹くからに　秋の草木の　しをるれば,ふくからに、あきのくさきの、しおるれば
月見れば　千々にものこそ　かなしけれ,つきみれば、ちぢにものこそ、かなしけれ
このたびは　幣もとりあへず　手向山,このたびわ、ぬさもとりあえず、たむけやま
なにしおはば　逢坂山の　さねかづら,なにしおわば、おうさかやまの、さねかずら
小倉山　峰のもみぢ葉　心あらば,おぐらやま、みねのもみじば、こころあらば
みかの原　わきて流るる　いづみ川,みかのはら、わきてながるる、いずみがわ
山里は　冬ぞさびしさ　まさりける,やまざとわ、ふゆぞさびしさ、まさりける
心あてに　折らばや折らむ　初霜の,こころあてに、おらばやおらん、はつしもの
有明の　つれなく見えし　別れより,ありあけの、つれなくみえし、わかれより
朝ぼらけ　有明の月と　見るまでに,あさぼらけ、ありあけのつきと、みるまでに
山川に　風のかけたる　しがらみは,やまがわに、かぜのかけたる、しがらみわ
ひさかたの　光のどけき　春の日に,ひさかたの、ひかりのどけき、はるのひに
誰をかも　知る人にせむ　高砂の,たれおかも、しるひとにせん、たかさごの
人はいさ　心も知らず　ふるさとは,ひとわいさ、こころもしらず、ふるさとわ
夏の夜は　まだ宵ながら　明けぬるを,なつのよわ、まだよいながら、あけぬるお
白露に　風の吹きしく　秋の野は,しらつゆに、かぜのふきしく、あきののわ
忘らるる　身をば思はず　ちかひてし,わすらるる、みおばおもわず、ちかいてし
浅茅生の　小野の篠原　しのぶれど,あさじうの、おののしのはら、しのぶれど
しのぶれど　色に出でにけり　我が恋は,しのぶれど、いろにいでにけり、わがこいわ
恋すてふ　我が名はまだき　立ちにけり,こいすちょう、わがなわまだき、たちにけり
契りきな　かたみに袖を　しぼりつつ,ちぎりきな、かたみにそでお、しぼりつつ
あひみての　後の心に　くらぶれば,あいみての、のちのこころに、くらぶれば
逢ふことの　たえてしなくは　なかなかに,あうことの、たえてしなくわ、なかなかに
あはれとも　いふべき人は　思ほえで,あわれとも、いうべきひとわ、おもおえで
由良のとを　渡る舟人　梶を絶え,ゆらのとお、わたるふなびと、かじおたえ
八重葎　しげれる宿の　さびしきに,やえむぐら、しげれるやどの、さびしきに
風をいたみ　岩うつ波の　おのれのみ,かぜおいたみ、いわうつなみの、おのれのみ
みかきもり　衛士のたく火の　夜はもえ,みかきもり、えじのたくひの、よるわもえ
君がため　惜しからざりし　命さへ,きみがため、おしからざりし、いのちさえ
かくとだに　えやはいぶきの　さしも草,かくとだに、えやわいぶきの、さしもぐさ
明けぬれば　暮るるものとは　知りながら,あけぬれば、くるるものとわ、しりながら
嘆きつつ　ひとりぬる夜の　明くるまは,なげきつつ、ひとりぬるよの、あくるまわ
忘れじの　行末までは　難ければ,わすれじの、ゆくすえまでわ、かたければ
滝の音は　絶えて久しく　なりぬれど,たきのおとわ、たえてひさしく、なりぬれど
あらざらむ　この世のほかの　思ひ出に,あらざらん、このよのほかの、おもいでに
めぐり逢ひて　見しやそれとも　わかぬ間に,めぐりあいて、みしやそれとも、わかぬまに
有馬山　猪名の笹原　風吹けば,ありまやま、いなのささはら、かぜふけば
やすらはで　寝なましものを　小夜ふけて,やすらわで、ねなましものお、さよふけて
大江山　いく野の道の　遠ければ,おおえやま、いくののみちの、とおければ
いにしへの　奈良の都の　八重桜,いにしえの、ならのみやこの、やえざくら
夜をこめて　鳥の空音は　はかるとも,よおこめて、とりのそらねわ、はかるとも
今はただ　思ひ絶えなむ　とばかりを,いまわただ、おもいたえなん、とばかりお
朝ぼらけ　宇治の川霧　絶えだえに,あさぼらけ、うじのかわぎり、たえだえに
うらみわび　干さぬ袖だに　あるものを,うらみわび、ほさぬそでだに、あるものお
もろともに　あはれと思へ　山桜,もろともに、あわれとおもえ、やまざくら
春の夜の　夢ばかりなる　手枕に,はるのよの、ゆめばかりなる、たまくらに
心にも　あらで憂き世に　ながらへば,こころにも、あらでうきよに、ながらえば
あらし吹く　三室の山の　もみぢ葉は,あらしふく、みむろのやまの、もみじばわ
さびしさに　宿を立ち出でて　ながむれば,さびしさに、やどおたちいでて、ながむれば
夕されば　門田の稲葉　おとづれて,ゆうされば、かどたのいなば、おとずれて
音に聞く　高師の浜の　あだ波は,おとにきく、たかしの浜の、あだなみわ
高砂の　尾上の桜　咲きにけり,たかさごの、おのえのさくら、さきにけり
憂かりける　人を初瀬の　山おろし,うかりける、ひとおはつせの、やまおろし
契りおきし　させもが露を　命にて,ちぎりおきし、させもがつゆお、いのちにて
わたの原　漕ぎ出でて見れば　久方の,わたのはら、こぎいでてみれば、ひさかたの
瀬をはやみ　岩にせかるる　滝川の,せおはやみ、いわにせかるる、たきがわの
淡路島　かよふ千鳥の　鳴く声に,あわじしま、かようちどりの、なくこえに
秋風に　たなびく雲の　絶え間より,あきかぜに、たなびくくもの、たえまより
長からむ　心もしらず　黒髪の,ながからん、こころもしらず、くろかみの
ほととぎす　鳴きつる方を　ながむれば,ほととぎす、なきつるかたお、ながむれば
思ひわび　さても命は　あるものを,おもいわび、さてもいのちわ、あるものお
世の中よ　道こそなけれ　思ひ入る,よのなかよ、みちこそなけれ、おもいいる
ながらへば　またこのごろや　しのばれむ,ながらえば、またこのごろや、しのばれん
夜もすがら　物思ふころは　明けやらで,よもすがら、ものおもうころわ、あけやらで
嘆けとて　月やは物を　思はする,なげけとて、つきやわものお、おもわする
村雨の　露もまだひぬ　真木の葉に,むらさめの、つゆもまだひぬ、まきの葉に
難波江の　蘆のかりねの　ひとよゆゑ,なにわえの、あしのかりねの、ひとよゆえ
玉のをよ　たえなばたえね　ながらへば,たまのおよ、たえなばたえね、ながらえば
見せばやな　雄島の海人の　袖だにも,みせばやな、おじまのあまの、そでだにも
きりぎりす　鳴くや霜夜の　さむしろに,きりぎりす、なくやしもよの、さむしろに
我が袖は　潮干に見えぬ　沖の石の,わがそでわ、しおひにみえぬ、おきのいしの
世の中は　常にもがもな　渚漕ぐ,よのなかわ、つねにもがもな、なぎさこぐ
み吉野の　山の秋風　小夜ふけて,みよしのの、やまのあきかぜ、さよふけて
おほけなく　憂き世の民に　おほふかな,おおけなく、うきよのたみに、おおうかな
花さそふ　あらしの庭の　雪ならで,花さそう、あらしのにわの、ゆきならで
来ぬ人を　まつほの浦の　夕なぎに,こぬひとお、まつほのうらの、ゆうなぎに
風そよぐ　ならの小川の　夕暮は,かぜそよぐ、ならのおがわの、ゆうぐれわ
人もをし　人もうらめし　あぢきなく,ひともおし、ひともうらめし、あじきなく
ももしきや　古き軒端の　しのぶにも,ももしきや、ふるきのきばの、しのぶにも
